Name,ID
Zira,1
Ziali,2
Zarena,3
Witma,4
Wimina,5
Weyri,6
Werana,7
Wari,8
Verana,9
Vasela,10
Varta,11
Varia,12
Vanicha,13
Vani,14
Vaneta,15
Tusha,16
Trileni,17
Triana,18
Thalia,19
Thala,20
Tendra,21
Tenasa,22
Tenana,23
Telian,24
Telari,25
Tela,26
Taylini,27
Talian,28
Talia,29
Tala,30
Syala,31
Svini,32
Svela,33
Svari,34
Sterian,35
Stenera,36
Stena,37
Stelos,38
Stele,39
Stau,40
Stari,41
Spella,42
Solia,43
Sinera,44
Sideni,45
Siari,46
Siadi,47
Shori,48
Shana,49
Shan,50
Seynara,51
Setena,52
Setari,53
Serondala,54
Serine,55
Serica,56
Serian,57
Serena,58
Senova,59
Selia,60
Scena,61
Sasena,62
Sarene,63
Sanza,64
Saba,65
Ryarta,66
Rusha,67
Rusana,68
Rosini,69
Roda,70
Rinian,71
Rindela,72
Rela,73
Razal,74
Penyn,75
Pela,76
Pandi,77
Palia,78
Osale,79
Orori,80
Olena,81
Nuschari,82
Nullera,83
Neyn,84
Netha,85
Neri,86
Nereya,87
Neni,88
Nelara,89
Myr,90
Moguret,91
Meteri,92
Melle,93
Mayssa,94
Mauni,95
Marya,96
Maron,97
Mari,98
Mala,99
Maisel,100
Madil,101
Lyna,102
Lushani,103
Lunella,104
Luicha,105
Loria,106
Loneri,107
Linia,108
Lelina,109
Laria,110
Lari,111
Lali,112
Kynara,113
Kleri,114
Kenisa,115
Karina,116
Karin,117
Kaiella,118
Jelamia,119
Jauna,120
Jasaveri,121
Jari,122
Jareta,123
Janyno,124
Jala,125
Istoria,126
Iseli,127
Irga,128
Idele,129
Idara,130
Helia,131
Havani,132
Hauri,133
Hasti,134
Harta,135
Hareta,136
Hali,137
Halda,138
Gushani,139
Griele,140
Griane,141
Greza,142
Ginel,143
Gensha,144
Genna,145
Genia,146
Gelani,147
Gausa,148
Garita,149
Galarel,150
Findi,151
Feria,152
Fera,153
Fenki,154
Felldi,155
Felani,156
Fauane,157
Farini,158
Fana,159
Famela,160
Evelosana,161
Estel,162
Erevi,163
Elsi,164
Elosene,165
Eliana,166
Eleri,167
Elarivi,168
Elanda,169
Edda,170
Duski,171
Dona,172
Dinel,173
Denni,174
Daveyni,175
Danica,176
Danari,177
Cindali,178
Ciavi,179
Ciana,180
Chergari,181
Chele,182
Chayni,183
Chast,184
Chari,185
Chardina,186
Charane,187
Chana,188
Chaen,189
Cesenia,190
Celia,191
Cavi,192
Cashi,193
Cashar,194
Cara,195
Calinila,196
Calia,197
Calari,198
Bynta,199
Borial,200
Borel,201
Bonda,202
Beti,203
Beranti,204
Beniko,205
Bele,206
Baselan,207
Aven,208
Avala,209
Auseri,210
Asoniri,211
Asela,212
Arina,213
Arilyn,214
Arili,215
Arica,216
Ariania,217
Arel,218
Anila,219
Amina,220
Ambeya,221
Alys,222
Aloria,223
Alisa,224
Alina,225
Aliani,226
Alia,227
Alesan,228
Aderiel,229
Adali,230